CREATE DATABASE QLQCP;
GO

USE QLQCP;
GO

DROP TABLE IF EXISTS DOAN
CREATE TABLE DOAN(
    MaDoAn INT PRIMARY KEY,
    TenDoAn NVARCHAR(100) NOT NULL,
    Gia DECIMAL(10, 2) NOT NULL,
);

DROP TABLE IF EXISTS DOUONG
CREATE TABLE DOUONG(
    MaDoUong INT PRIMARY KEY,
    TenDoUong NVARCHAR(100) NOT NULL,
    Gia DECIMAL(10, 2) NOT NULL 
);

DROP TABLE IF EXISTS KHACHHANG
CREATE TABLE KHACHHANG(
    MaKH INT PRIMARY KEY,
    TenKH NVARCHAR(100) NOT NULL,
    SDT NVARCHAR(15) NOT NULL
);

DROP TABLE IF EXISTS HOADON
CREATE TABLE HOADON(
    MaHoaDon INT PRIMARY KEY,
    NgayLap DATETIME NOT NULL,
    MaKH INT
);

DROP TABLE IF EXISTS CHITIETHOADON
CREATE TABLE CHITIETHOADON(
    MaHoaDon INT,
    MaDoAn INT NULL,
    MaDoUong INT NULL,
    SoLuong INT NOT NULL
);

ALTER TABLE HOADON
ADD CONSTRAINT FK_HOADON_KHACHHANG FOREIGN KEY (MaKH) REFERENCES KHACHHANG(MaKH);
GO

ALTER TABLE CHITIETHOADON
ADD CONSTRAINT FK_CHITIETHOADON_HOADON FOREIGN KEY (MaHoaDon) REFERENCES HOADON(MaHoaDon);  
ALTER TABLE CHITIETHOADON
ADD CONSTRAINT FK_CHITIETHOADON_DOAN FOREIGN KEY (MaDoAn) REFERENCES DOAN(MaDoAn);  
ALTER TABLE CHITIETHOADON
ADD CONSTRAINT FK_CHITIETHOADON_DOUONG FOREIGN KEY (MaDoUong) REFERENCES DOUONG(MaDoUong);
GO

INSERT INTO DOAN (MaDoAn, TenDoAn, Gia) VALUES
(1, N'Khô gà', 25000),
(2, N'Khô bò', 25000),
(3, N'Nem chua rán', 36000),
(4, N'Ngô cay', 15000),
(5, N'Hướng dương', 15000);
GO

INSERT INTO DOUONG (MaDoUong, TenDoUong, Gia) VALUES
(1, N'Cà phê đen', 20000),
(2, N'Cà phê sữa', 20000),
(3, N'Bạc xỉu', 28000),
(4, N'Cà phê muối', 28000),
(5, N'Americano', 25000),
(6, N'Capuchino', 32000),
(7, N'Caramel Macchiato', 35000),
(8, N'Matcha latte', 30000),
(9, N'Matcha macchiato', 35000),
(10, N'Cacao latte', 30000),
(11, N'Trà đào cam sả', 32000),
(12, N'Hồng trà việt quất', 30000),
(13, N'Trà chanh nha đam', 20000),
(14, N'Yahul Ô long', 26000),
(15, N'Yakul Việt quất', 28000),
(16, N'Yakul Đào', 25000);
GO

INSERT INTO KHACHHANG (MaKH, TenKH, SDT) VALUES
(1, N'Nguyễn Duy Đạt', 0265963206),
(2, N'Phạm Minh Hoàng', 0366630733),
(3, N'Nguyễn Thị Linh', 0338000873),
(4, N'Cao Thùy Châm', 0969206477),
(5, N'Mã Thục Quyên', 0837069885);
GO

INSERT INTO HOADON (MaHoaDon, NgayLap, MaKH) VALUES
(1, '2023-10-01 10:00:00', 1),
(2, '2023-10-02 11:30:00', 2),
(3, '2023-10-03 14:15:00', 3),
(4, '2023-10-04 16:45:00', 4),
(5, '2023-10-05 18:20:00', 5);
GO

INSERT INTO CHITIETHOADON (MaHoaDon, MaDoAn, MaDoUong, SoLuong) VALUES
(1, 1, 1, 2),
(1, 2, NULL, 1),
(2, NULL, 3, 1),
(2, 4, 2, 2),
(3, 5, NULL, 1),
(3, NULL, 4, 1),
(4, 3, 5, 1),
(4, NULL, 6, 2),
(5, 2, NULL, 1),
(5, NULL, 7, 1);
GO

SELECT * FROM DOAN;
SELECT * FROM DOUONG;
SELECT * FROM KHACHHANG;
SELECT * FROM HOADON;
SELECT * FROM CHITIETHOADON;
GO